adv_impressions,spend,adv_thisday_conversions,cost,adv_clicks,rfi_thisday_conversions_click_through,rfi_thisday_conversions,device,date,line_item,tactic,line_item_id,tactic_id,publisher,campaign,views_source,clicks_source,conversions_source,thisday_conversions_source
5323.68562314019,20.493220564818095,0,6.012377947488199,2,0,0,COMPUTER,2015-05-08,"Constellation Wines Dining Consumers","Optimization Model",226349,532793,OpenX,"Constellation Wines (Ruffino) 2015 branding (RGM Group) <AC>. May - Dec 2015",0,0,NULL,NULL
524.9927021477416,2.021221903268804,0,0,0,0,0,COMPUTER,2015-05-08,"Constellation Wines Dining Consumers","Optimization Model",226349,532793,OpenX,"Constellation Wines (Ruffino) 2015 branding (RGM Group) <AC>. May - Dec 2015",3,0,NULL,NULL
724.1679756602902,2.7880467062921164,0,1.0827950816164664,0,0,0,COMPUTER,2015-05-08,"Constellation Wines Dining Consumers","Optimization Model",226349,532793,"Rubicon Project","Constellation Wines (Ruffino) 2015 branding (RGM Group) <AC>. May - Dec 2015",0,0,NULL,NULL
817.3240230584908,3.146697488775189,0,1.186490449365596,0,0,0,COMPUTER,2015-05-08,"Constellation Wines Dining Consumers","Optimization Model",226349,532793,PubMatic,"Constellation Wines (Ruffino) 2015 branding (RGM Group) <AC>. May - Dec 2015",3,0,NULL,NULL
299.094231986237,1.1515127931470126,0,0.37560856156392547,0,0,0,COMPUTER,2015-05-08,"Constellation Wines Dining Consumers","Optimization Model",226349,532793,PubMatic,"Constellation Wines (Ruffino) 2015 branding (RGM Group) <AC>. May - Dec 2015",0,0,NULL,NULL
34132.05351592655,131.40493288533236,0,60.66241420478674,19.041666666666664,0,0,COMPUTER,2015-05-08,"Constellation Wines Dining Consumers","Optimization Model",226349,532793,AppNexus,"Constellation Wines (Ruffino) 2015 branding (RGM Group) <AC>. May - Dec 2015",0,0,NULL,NULL
33186.80182362945,127.73561871052088,0,30.47122013089485,20.291666666666664,0,0,COMPUTER,2015-05-08,"Constellation Wines Dining Consumers","Optimization Model",226349,532793,"Google AdX","Constellation Wines (Ruffino) 2015 branding (RGM Group) <AC>. May - Dec 2015",3,0,NULL,NULL
3.3069483552039944,0.01273175116753538,0,0.00102,0,0,0,COMPUTER,2015-05-08,"Constellation Wines Dining Consumers","Optimization Model",226349,532793,"Google AdX","Constellation Wines (Ruffino) 2015 branding (RGM Group) <AC>. May - Dec 2015",2,0,NULL,NULL
1.1670235546038543,0.004493040685224839,0,0,0,0,0,IPHONE,2015-05-08,"Constellation Wines Dining Consumers","Optimization Model",226349,532793,"Google AdX","Constellation Wines (Ruffino) 2015 branding (RGM Group) <AC>. May - Dec 2015",3,0,NULL,NULL
1.0393094289508633,0.0040013413014608245,0,0.0004773936995179392,0,0,0,COMPUTER,2015-05-08,"Constellation Wines Dining Consumers","Optimization Model",226349,532793,Smaato,"Constellation Wines (Ruffino) 2015 branding (RGM Group) <AC>. May - Dec 2015",2,0,NULL,NULL
7198.831540338345,27.711595011312152,0,5.5949328408861305,2.6666666666666665,0,0,COMPUTER,2015-05-08,"Constellation Wines Dining Consumers","Optimization Model",226349,532793,AOL,"Constellation Wines (Ruffino) 2015 branding (RGM Group) <AC>. May - Dec 2015",0,0,NULL,NULL
635.2712749687397,2.4457944086296477,0,0.47312704,1,0,0,COMPUTER,2015-05-08,"Constellation Wines Dining Consumers","Optimization Model",226349,532793,Lijit,"Constellation Wines (Ruffino) 2015 branding (RGM Group) <AC>. May - Dec 2015",3,0,NULL,NULL
26.620664183846824,0.10248955710781028,0,0,0,0,0,COMPUTER,2015-05-08,"Constellation Wines Dining Consumers","Optimization Model",226349,532793,PulsePoint,"Constellation Wines (Ruffino) 2015 branding (RGM Group) <AC>. May - Dec 2015",3,0,NULL,NULL
47.58526406047564,0.1832032666328313,0,0.103988807590632,0,0,0,COMPUTER,2015-05-08,"Constellation Wines Dining Consumers","Optimization Model",226349,532793,Centro,"Constellation Wines (Ruffino) 2015 branding (RGM Group) <AC>. May - Dec 2015",0,0,NULL,NULL
145.05807956100756,0.5584736063098792,0,0,0,0,0,COMPUTER,2015-05-08,"Constellation Wines Dining Consumers","Optimization Model",226349,532793,NULL,"Constellation Wines (Ruffino) 2015 branding (RGM Group) <AC>. May - Dec 2015",3,0,NULL,NULL
325.2646209399768,1.2522687906189107,0,0.3657096062086938,1,0,0,COMPUTER,2015-05-08,"Constellation Wines Restauranteurs","Optimization Model",226351,532795,OpenX,"Constellation Wines (Ruffino) 2015 branding (RGM Group) <AC>. May - Dec 2015",0,0,NULL,NULL
803.2489062914711,3.092508289222165,0,0,0,0,0,COMPUTER,2015-05-08,"Constellation Wines Restauranteurs","Optimization Model",226351,532795,OpenX,"Constellation Wines (Ruffino) 2015 branding (RGM Group) <AC>. May - Dec 2015",3,0,NULL,NULL
89.80838901736821,0.3457622977168678,0,0.15122681053888123,0,0,0,COMPUTER,2015-05-08,"Constellation Wines Restauranteurs","Optimization Model",226351,532795,"Rubicon Project","Constellation Wines (Ruffino) 2015 branding (RGM Group) <AC>. May - Dec 2015",0,0,NULL,NULL
117.10669057335602,0.4508607587074205,0,0.14700358889873427,0,0,0,COMPUTER,2015-05-08,"Constellation Wines Restauranteurs","Optimization Model",226351,532795,PubMatic,"Constellation Wines (Ruffino) 2015 branding (RGM Group) <AC>. May - Dec 2015",3,0,NULL,NULL
60.48833365416941,0.23288008456855216,0,0.08982844666731245,0,0,0,COMPUTER,2015-05-08,"Constellation Wines Restauranteurs","Optimization Model",226351,532795,PubMatic,"Constellation Wines (Ruffino) 2015 branding (RGM Group) <AC>. May - Dec 2015",0,0,NULL,NULL
3464.98220280171,13.34018148078658,0,5.996621442553522,4,0,0,COMPUTER,2015-05-08,"Constellation Wines Restauranteurs","Optimization Model",226351,532795,AppNexus,"Constellation Wines (Ruffino) 2015 branding (RGM Group) <AC>. May - Dec 2015",0,0,NULL,NULL
1.0279329608938548,0.003957541899441341,0,0,0,0,0,ANDROID_MOBILE,2015-05-08,"Constellation Wines Restauranteurs","Optimization Model",226351,532795,"Google AdX","Constellation Wines (Ruffino) 2015 branding (RGM Group) <AC>. May - Dec 2015",3,0,NULL,NULL
1833.2617864866181,7.055944408585724,0,2.092342813941391,5.166666666666667,0,0,COMPUTER,2015-05-08,"Constellation Wines Restauranteurs","Optimization Model",226351,532795,"Google AdX","Constellation Wines (Ruffino) 2015 branding (RGM Group) <AC>. May - Dec 2015",3,0,NULL,NULL
2.10965347981067,0.008122165897271081,0,0,0.6666666666666666,0,0,IPHONE,2015-05-08,"Constellation Wines Restauranteurs","Optimization Model",226351,532795,"Google AdX","Constellation Wines (Ruffino) 2015 branding (RGM Group) <AC>. May - Dec 2015",3,0,NULL,NULL
799.8209135961245,3.0793105173450783,0,0.9111072976884729,0,0,0,COMPUTER,2015-05-08,"Constellation Wines Restauranteurs","Optimization Model",226351,532795,AOL,"Constellation Wines (Ruffino) 2015 branding (RGM Group) <AC>. May - Dec 2015",0,0,NULL,NULL
33.52547081359058,0.12907306263232374,0,0.026991531000000006,0,0,0,COMPUTER,2015-05-08,"Constellation Wines Restauranteurs","Optimization Model",226351,532795,Lijit,"Constellation Wines (Ruffino) 2015 branding (RGM Group) <AC>. May - Dec 2015",3,0,NULL,NULL
2.10675416886537,0.008111003550131675,0,0,1.6666666666666665,0,0,COMPUTER,2015-05-08,"Constellation Wines Restauranteurs","Optimization Model",226351,532795,"Casale Media","Constellation Wines (Ruffino) 2015 branding (RGM Group) <AC>. May - Dec 2015",3,0,NULL,NULL
2.539451114922813,0.009776886792452831,0,0,1.5,0,0,ANDROID_MOBILE,2015-05-08,"Constellation Wines Restauranteurs","Optimization Model",226351,532795,"Casale Media","Constellation Wines (Ruffino) 2015 branding (RGM Group) <AC>. May - Dec 2015",3,0,NULL,NULL
36.430033710943604,0.1402556297871329,0,0,0,0,0,COMPUTER,2015-05-08,"Constellation Wines Restauranteurs","Optimization Model",226351,532795,PulsePoint,"Constellation Wines (Ruffino) 2015 branding (RGM Group) <AC>. May - Dec 2015",3,0,NULL,NULL
11.444444743561135,0.044061112262710374,0,0.03360258497756294,0,0,0,COMPUTER,2015-05-08,"Constellation Wines Restauranteurs","Optimization Model",226351,532795,Centro,"Constellation Wines (Ruffino) 2015 branding (RGM Group) <AC>. May - Dec 2015",0,0,NULL,NULL
276.8344156466195,1.0658125002394851,0,0,0,0,0,COMPUTER,2015-05-08,"Constellation Wines Restauranteurs","Optimization Model",226351,532795,NULL,"Constellation Wines (Ruffino) 2015 branding (RGM Group) <AC>. May - Dec 2015",3,0,NULL,NULL
6899.195307685483,26.56190193458911,0,4.294528037985598,0.9000000000000001,0,0,COMPUTER,2015-05-09,"Constellation Wines Dining Consumers","Optimization Model",226349,532793,OpenX,"Constellation Wines (Ruffino) 2015 branding (RGM Group) <AC>. May - Dec 2015",0,0,NULL,NULL
1.067876294718284,0.004111323734665394,0,0.00030098488269592353,0,0,0,OTHER,2015-05-09,"Constellation Wines Dining Consumers","Optimization Model",226349,532793,OpenX,"Constellation Wines (Ruffino) 2015 branding (RGM Group) <AC>. May - Dec 2015",0,0,NULL,NULL
162.93159886882506,0.6272866556449767,0,0,0,0,0,COMPUTER,2015-05-09,"Constellation Wines Dining Consumers","Optimization Model",226349,532793,OpenX,"Constellation Wines (Ruffino) 2015 branding (RGM Group) <AC>. May - Dec 2015",3,0,NULL,NULL
7479.382919706654,28.795624240870627,0,5.636198434415749,6,0,0,COMPUTER,2015-05-09,"Constellation Wines Dining Consumers","Optimization Model",226349,532793,"Rubicon Project","Constellation Wines (Ruffino) 2015 branding (RGM Group) <AC>. May - Dec 2015",0,0,NULL,NULL
1658.3399192898826,6.384608689266046,0,1.23409350405688,0,0,0,COMPUTER,2015-05-09,"Constellation Wines Dining Consumers","Optimization Model",226349,532793,PubMatic,"Constellation Wines (Ruffino) 2015 branding (RGM Group) <AC>. May - Dec 2015",3,0,NULL,NULL
2.1358293148525123,0.008222942862182173,0,0.0022143656205076646,0,0,0,OTHER,2015-05-09,"Constellation Wines Dining Consumers","Optimization Model",226349,532793,PubMatic,"Constellation Wines (Ruffino) 2015 branding (RGM Group) <AC>. May - Dec 2015",3,0,NULL,NULL
506.9719631999221,1.9518420583196985,0,0.56163904406784,0,0,0,COMPUTER,2015-05-09,"Constellation Wines Dining Consumers","Optimization Model",226349,532793,PubMatic,"Constellation Wines (Ruffino) 2015 branding (RGM Group) <AC>. May - Dec 2015",0,0,NULL,NULL
30044.817479816138,115.67254729729217,0,45.04016207973551,18.333333333333336,0,0,COMPUTER,2015-05-09,"Constellation Wines Dining Consumers","Optimization Model",226349,532793,AppNexus,"Constellation Wines (Ruffino) 2015 branding (RGM Group) <AC>. May - Dec 2015",0,0,NULL,NULL
20.419764528400158,0.07861609343434062,0,0.011623209807176418,0,0,0,OTHER,2015-05-09,"Constellation Wines Dining Consumers","Optimization Model",226349,532793,AppNexus,"Constellation Wines (Ruffino) 2015 branding (RGM Group) <AC>. May - Dec 2015",0,0,NULL,NULL
2.095363056834155,0.008067147768811497,0,0.006051618773974346,1,0,0,ANDROID_MOBILE,2015-05-09,"Constellation Wines Dining Consumers","Optimization Model",226349,532793,AppNexus,"Constellation Wines (Ruffino) 2015 branding (RGM Group) <AC>. May - Dec 2015",0,0,NULL,NULL
139.7725849929742,0.5381244522229507,0,0.044973164849940316,0,0,0,COMPUTER,2015-05-09,"Constellation Wines Dining Consumers","Optimization Model",226349,532793,AppNexus,"Constellation Wines (Ruffino) 2015 branding (RGM Group) <AC>. May - Dec 2015",2,0,NULL,NULL
43455.805493385546,167.26433403870078,0,28.378599999999988,30.933333333333337,0,0,COMPUTER,2015-05-09,"Constellation Wines Dining Consumers","Optimization Model",226349,532793,"Google AdX","Constellation Wines (Ruffino) 2015 branding (RGM Group) <AC>. May - Dec 2015",3,0,NULL,NULL
3.1904650764419165,0.012283290544301379,0,0.0013800000000000002,0,0,0,COMPUTER,2015-05-09,"Constellation Wines Dining Consumers","Optimization Model",226349,532793,"Google AdX","Constellation Wines (Ruffino) 2015 branding (RGM Group) <AC>. May - Dec 2015",2,0,NULL,NULL
1.06296652132141,0.004092421107087428,0,0.00010919651079369269,0,0,0,COMPUTER,2015-05-09,"Constellation Wines Dining Consumers","Optimization Model",226349,532793,Smaato,"Constellation Wines (Ruffino) 2015 branding (RGM Group) <AC>. May - Dec 2015",2,0,NULL,NULL
10882.748137664188,41.89858033000712,0,7.8102681480748455,6.833333333333333,0,0,COMPUTER,2015-05-09,"Constellation Wines Dining Consumers","Optimization Model",226349,532793,AOL,"Constellation Wines (Ruffino) 2015 branding (RGM Group) <AC>. May - Dec 2015",0,0,NULL,NULL
2.055495308484719,0.00791365693766617,0,0.0005411707358773325,0,0,0,OTHER,2015-05-09,"Constellation Wines Dining Consumers","Optimization Model",226349,532793,AOL,"Constellation Wines (Ruffino) 2015 branding (RGM Group) <AC>. May - Dec 2015",0,0,NULL,NULL
1.0679530201342282,0.004111619127516779,0,0.0003726274130220318,0,0,0,ANDROID_MOBILE,2015-05-09,"Constellation Wines Dining Consumers","Optimization Model",226349,532793,AOL,"Constellation Wines (Ruffino) 2015 branding (RGM Group) <AC>. May - Dec 2015",0,0,NULL,NULL
2271.99571678943,8.747183509639305,0,1.528689585,0,0,0,COMPUTER,2015-05-09,"Constellation Wines Dining Consumers","Optimization Model",226349,532793,Lijit,"Constellation Wines (Ruffino) 2015 branding (RGM Group) <AC>. May - Dec 2015",3,0,NULL,NULL
3.0989309507873033,0.011930884160531119,0,0,0,0,0,COMPUTER,2015-05-09,"Constellation Wines Dining Consumers","Optimization Model",226349,532793,PulsePoint,"Constellation Wines (Ruffino) 2015 branding (RGM Group) <AC>. May - Dec 2015",3,0,NULL,NULL
30.667327221515837,0.11806920980283596,0,0.07413997979470707,0,0,0,COMPUTER,2015-05-09,"Constellation Wines Dining Consumers","Optimization Model",226349,532793,Centro,"Constellation Wines (Ruffino) 2015 branding (RGM Group) <AC>. May - Dec 2015",0,0,NULL,NULL
6.176907307472378,0.023781093133768656,0,0,0,0,0,COMPUTER,2015-05-09,"Constellation Wines Dining Consumers","Optimization Model",226349,532793,NULL,"Constellation Wines (Ruffino) 2015 branding (RGM Group) <AC>. May - Dec 2015",3,0,NULL,NULL
554.2632519832467,2.1339135201355,0,0.2677959593243276,0,0,0,COMPUTER,2015-05-09,"Constellation Wines Restauranteurs","Optimization Model",226351,532795,OpenX,"Constellation Wines (Ruffino) 2015 branding (RGM Group) <AC>. May - Dec 2015",0,0,NULL,NULL
407.33202544110156,1.5682282979482407,0,0,0,0,0,COMPUTER,2015-05-09,"Constellation Wines Restauranteurs","Optimization Model",226351,532795,OpenX,"Constellation Wines (Ruffino) 2015 branding (RGM Group) <AC>. May - Dec 2015",3,0,NULL,NULL
1536.4560008630451,5.915355603322724,0,0.6238419150853887,1,0,0,COMPUTER,2015-05-09,"Constellation Wines Restauranteurs","Optimization Model",226351,532795,"Rubicon Project","Constellation Wines (Ruffino) 2015 branding (RGM Group) <AC>. May - Dec 2015",0,0,NULL,NULL
207.0801274782478,0.7972584907912537,0,0.1537131619180685,0,0,0,COMPUTER,2015-05-09,"Constellation Wines Restauranteurs","Optimization Model",226351,532795,PubMatic,"Constellation Wines (Ruffino) 2015 branding (RGM Group) <AC>. May - Dec 2015",3,0,NULL,NULL
1.056918547595682,0.004069136408243376,0,0.0003346152493211582,0,0,0,OTHER,2015-05-09,"Constellation Wines Restauranteurs","Optimization Model",226351,532795,PubMatic,"Constellation Wines (Ruffino) 2015 branding (RGM Group) <AC>. May - Dec 2015",3,0,NULL,NULL
45.70288740120918,0.17595611649465537,0,0.04848230995114877,0,0,0,COMPUTER,2015-05-09,"Constellation Wines Restauranteurs","Optimization Model",226351,532795,PubMatic,"Constellation Wines (Ruffino) 2015 branding (RGM Group) <AC>. May - Dec 2015",0,0,NULL,NULL
3026.4278680540892,11.648195101532052,0,3.698798598567048,1,0,0,COMPUTER,2015-05-09,"Constellation Wines Restauranteurs","Optimization Model",226351,532795,AppNexus,"Constellation Wines (Ruffino) 2015 branding (RGM Group) <AC>. May - Dec 2015",0,0,NULL,NULL
13.927222313913186,0.05361980590856577,0,0.0019284820916293322,0,0,0,COMPUTER,2015-05-09,"Constellation Wines Restauranteurs","Optimization Model",226351,532795,AppNexus,"Constellation Wines (Ruffino) 2015 branding (RGM Group) <AC>. May - Dec 2015",2,0,NULL,NULL
1.2048192771084336,0.00463855421686747,0,0.00007270552438814707,0,0,0,OTHER,2015-05-09,"Constellation Wines Restauranteurs","Optimization Model",226351,532795,AppNexus,"Constellation Wines (Ruffino) 2015 branding (RGM Group) <AC>. May - Dec 2015",2,0,NULL,NULL
2492.9638916450826,9.597910982833566,0,1.2554209999999997,3,0,0,COMPUTER,2015-05-09,"Constellation Wines Restauranteurs","Optimization Model",226351,532795,"Google AdX","Constellation Wines (Ruffino) 2015 branding (RGM Group) <AC>. May - Dec 2015",3,0,NULL,NULL
1.0496031746031746,0.004040972222222222,0,0.00027600000000000004,0,0,0,OTHER,2015-05-09,"Constellation Wines Restauranteurs","Optimization Model",226351,532795,"Google AdX","Constellation Wines (Ruffino) 2015 branding (RGM Group) <AC>. May - Dec 2015",3,0,NULL,NULL
1.0378521126760563,0.003995730633802817,0,0.0001936377159383927,0,0,0,COMPUTER,2015-05-09,"Constellation Wines Restauranteurs","Optimization Model",226351,532795,Smaato,"Constellation Wines (Ruffino) 2015 branding (RGM Group) <AC>. May - Dec 2015",2,0,NULL,NULL
1.0378521126760563,0.003995730633802817,0,0.003249149404444098,0,0,0,ANDROID_MOBILE,2015-05-09,"Constellation Wines Restauranteurs","Optimization Model",226351,532795,AOL,"Constellation Wines (Ruffino) 2015 branding (RGM Group) <AC>. May - Dec 2015",0,0,NULL,NULL
1287.7333863174006,4.957773537321993,0,1.022573087502295,0,0,0,COMPUTER,2015-05-09,"Constellation Wines Restauranteurs","Optimization Model",226351,532795,AOL,"Constellation Wines (Ruffino) 2015 branding (RGM Group) <AC>. May - Dec 2015",0,0,NULL,NULL
1.0617420066152152,0.004087706725468578,0,0.0018998103697584496,0,0,0,IPHONE,2015-05-09,"Constellation Wines Restauranteurs","Optimization Model",226351,532795,AOL,"Constellation Wines (Ruffino) 2015 branding (RGM Group) <AC>. May - Dec 2015",0,0,NULL,NULL
2.3287804878048783,0.008965804878048784,0,0.0013202518983070949,0,0,0,ANDROID_TABLET,2015-05-09,"Constellation Wines Restauranteurs","Optimization Model",226351,532795,AOL,"Constellation Wines (Ruffino) 2015 branding (RGM Group) <AC>. May - Dec 2015",0,0,NULL,NULL
284.57226111334967,1.0956032052863964,0,0.13444608300000002,0,0,0,COMPUTER,2015-05-09,"Constellation Wines Restauranteurs","Optimization Model",226351,532795,Lijit,"Constellation Wines (Ruffino) 2015 branding (RGM Group) <AC>. May - Dec 2015",3,0,NULL,NULL
1.2048192771084336,0.00463855421686747,0,0,0,0,0,COMPUTER,2015-05-09,"Constellation Wines Restauranteurs","Optimization Model",226351,532795,"Casale Media","Constellation Wines (Ruffino) 2015 branding (RGM Group) <AC>. May - Dec 2015",3,0,NULL,NULL
3.156987041253931,0.012154400108827635,0,0,0,0,0,COMPUTER,2015-05-09,"Constellation Wines Restauranteurs","Optimization Model",226351,532795,PulsePoint,"Constellation Wines (Ruffino) 2015 branding (RGM Group) <AC>. May - Dec 2015",3,0,NULL,NULL
2.074912241144534,0.007988412128406456,0,0.005784040908799524,0,0,0,COMPUTER,2015-05-09,"Constellation Wines Restauranteurs","Optimization Model",226351,532795,Centro,"Constellation Wines (Ruffino) 2015 branding (RGM Group) <AC>. May - Dec 2015",0,0,NULL,NULL
6.326791110728344,0.024358145776304123,0,0,0,0,0,COMPUTER,2015-05-09,"Constellation Wines Restauranteurs","Optimization Model",226351,532795,NULL,"Constellation Wines (Ruffino) 2015 branding (RGM Group) <AC>. May - Dec 2015",3,0,NULL,NULL
6818.019490659038,26.24937503903729,0,3.9873141093065514,1.380952380952381,0,0,COMPUTER,2015-05-10,"Constellation Wines Dining Consumers","Optimization Model",226349,532793,OpenX,"Constellation Wines (Ruffino) 2015 branding (RGM Group) <AC>. May - Dec 2015",0,0,NULL,NULL
2114.429054592751,8.140551860182095,0,0.8992109971244857,0,0,0,COMPUTER,2015-05-10,"Constellation Wines Dining Consumers","Optimization Model",226349,532793,OpenX,"Constellation Wines (Ruffino) 2015 branding (RGM Group) <AC>. May - Dec 2015",0,3,NULL,NULL
0.9758620689655171,0.003757068965517241,0,0.0002034657337778403,0,0,0,OTHER,2015-05-10,"Constellation Wines Dining Consumers","Optimization Model",226349,532793,OpenX,"Constellation Wines (Ruffino) 2015 branding (RGM Group) <AC>. May - Dec 2015",0,0,NULL,NULL
150.96853599403167,0.5812288635770221,0,0,0,0,0,COMPUTER,2015-05-10,"Constellation Wines Dining Consumers","Optimization Model",226349,532793,OpenX,"Constellation Wines (Ruffino) 2015 branding (RGM Group) <AC>. May - Dec 2015",3,0,NULL,NULL
25.423580682001813,0.09788078562570697,0,0,0,0,0,COMPUTER,2015-05-10,"Constellation Wines Dining Consumers","Optimization Model",226349,532793,OpenX,"Constellation Wines (Ruffino) 2015 branding (RGM Group) <AC>. May - Dec 2015",3,3,NULL,NULL
5298.716765099693,20.400059545633816,0,3.3951467354449303,0.8,0,0,COMPUTER,2015-05-10,"Constellation Wines Dining Consumers","Optimization Model",226349,532793,"Rubicon Project","Constellation Wines (Ruffino) 2015 branding (RGM Group) <AC>. May - Dec 2015",0,0,NULL,NULL
1065.4737715803183,4.102074020584225,0,0.5853724977872069,0,0,0,COMPUTER,2015-05-10,"Constellation Wines Dining Consumers","Optimization Model",226349,532793,"Rubicon Project","Constellation Wines (Ruffino) 2015 branding (RGM Group) <AC>. May - Dec 2015",0,3,NULL,NULL
1514.7311270633902,5.831714839194051,0,1.0937728573625851,0,0,0,COMPUTER,2015-05-10,"Constellation Wines Dining Consumers","Optimization Model",226349,532793,PubMatic,"Constellation Wines (Ruffino) 2015 branding (RGM Group) <AC>. May - Dec 2015",3,0,NULL,NULL
1.0230251909267067,0.003938646985067821,0,0.00046529726927975744,0,0,0,OTHER,2015-05-10,"Constellation Wines Dining Consumers","Optimization Model",226349,532793,PubMatic,"Constellation Wines (Ruffino) 2015 branding (RGM Group) <AC>. May - Dec 2015",3,0,NULL,NULL
281.42143115519076,1.0834725099474842,0,0.32731351540107023,0,0,0,COMPUTER,2015-05-10,"Constellation Wines Dining Consumers","Optimization Model",226349,532793,PubMatic,"Constellation Wines (Ruffino) 2015 branding (RGM Group) <AC>. May - Dec 2015",0,3,NULL,NULL
13.148362070907755,0.05062119397299486,0,0.01096440746397407,0,0,0,COMPUTER,2015-05-10,"Constellation Wines Dining Consumers","Optimization Model",226349,532793,PubMatic,"Constellation Wines (Ruffino) 2015 branding (RGM Group) <AC>. May - Dec 2015",0,0,NULL,NULL
5481.057891450555,21.102072882084638,0,6.831411198558179,3,0,0,COMPUTER,2015-05-10,"Constellation Wines Dining Consumers","Optimization Model",226349,532793,AppNexus,"Constellation Wines (Ruffino) 2015 branding (RGM Group) <AC>. May - Dec 2015",0,3,NULL,NULL
11.109871925232822,0.042773006912146375,0,0.006092924735857661,0,0,0,OTHER,2015-05-10,"Constellation Wines Dining Consumers","Optimization Model",226349,532793,AppNexus,"Constellation Wines (Ruffino) 2015 branding (RGM Group) <AC>. May - Dec 2015",0,3,NULL,NULL
2.922542125090052,0.011251787181596702,0,0.00789141320078966,1.5892857142857144,0,0,ANDROID_MOBILE,2015-05-10,"Constellation Wines Dining Consumers","Optimization Model",226349,532793,AppNexus,"Constellation Wines (Ruffino) 2015 branding (RGM Group) <AC>. May - Dec 2015",0,0,NULL,NULL
21813.63831657354,83.97331480040064,0,26.03597703216106,10.445238095238096,0,0,COMPUTER,2015-05-10,"Constellation Wines Dining Consumers","Optimization Model",226349,532793,AppNexus,"Constellation Wines (Ruffino) 2015 branding (RGM Group) <AC>. May - Dec 2015",0,0,NULL,NULL
24.332700628870093,0.09368089742114986,0,0.01157649176350139,0,0,0,OTHER,2015-05-10,"Constellation Wines Dining Consumers","Optimization Model",226349,532793,AppNexus,"Constellation Wines (Ruffino) 2015 branding (RGM Group) <AC>. May - Dec 2015",0,0,NULL,NULL
1131.7876678483517,4.354284818918452,0,0.5331380000000001,0,0,0,COMPUTER,2015-05-10,"Constellation Wines Dining Consumers","Optimization Model",226349,532793,"Google AdX","Constellation Wines (Ruffino) 2015 branding (RGM Group) <AC>. May - Dec 2015",3,3,NULL,NULL
8.770727752033006,0.03376730184532707,0,0.003960000000000002,0,0,0,OTHER,2015-05-10,"Constellation Wines Dining Consumers","Optimization Model",226349,532793,"Google AdX","Constellation Wines (Ruffino) 2015 branding (RGM Group) <AC>. May - Dec 2015",3,0,NULL,NULL
38970.657891127055,150.0244313184614,0,21.665369000000002,16.184523809523807,0,0,COMPUTER,2015-05-10,"Constellation Wines Dining Consumers","Optimization Model",226349,532793,"Google AdX","Constellation Wines (Ruffino) 2015 branding (RGM Group) <AC>. May - Dec 2015",3,0,NULL,NULL
5.881560747883084,0.022644008879349878,0,0.0012514877239150797,0,0,0,COMPUTER,2015-05-10,"Constellation Wines Dining Consumers","Optimization Model",226349,532793,Smaato,"Constellation Wines (Ruffino) 2015 branding (RGM Group) <AC>. May - Dec 2015",2,0,NULL,NULL
7434.804874877684,28.62399876827908,0,4.629336422160264,4.6,0,0,COMPUTER,2015-05-10,"Constellation Wines Dining Consumers","Optimization Model",226349,532793,AOL,"Constellation Wines (Ruffino) 2015 branding (RGM Group) <AC>. May - Dec 2015",0,0,NULL,NULL
29.115072944557255,0.11209303083654545,0,0.0168966550129534,0,0,0,OTHER,2015-05-10,"Constellation Wines Dining Consumers","Optimization Model",226349,532793,AOL,"Constellation Wines (Ruffino) 2015 branding (RGM Group) <AC>. May - Dec 2015",0,0,NULL,NULL
3.966050146555355,0.015269293064238118,0,0.006195988241472206,0,0,0,ANDROID_MOBILE,2015-05-10,"Constellation Wines Dining Consumers","Optimization Model",226349,532793,AOL,"Constellation Wines (Ruffino) 2015 branding (RGM Group) <AC>. May - Dec 2015",0,0,NULL,NULL
2.0288617685551245,0.007811117808937231,0,0.001245144026921454,0,0,0,ANDROID_TABLET,2015-05-10,"Constellation Wines Dining Consumers","Optimization Model",226349,532793,AOL,"Constellation Wines (Ruffino) 2015 branding (RGM Group) <AC>. May - Dec 2015",0,3,NULL,NULL
1503.4809587766629,5.7884016912901535,0,0.9602384173861606,0,0,0,COMPUTER,2015-05-10,"Constellation Wines Dining Consumers","Optimization Model",226349,532793,AOL,"Constellation Wines (Ruffino) 2015 branding (RGM Group) <AC>. May - Dec 2015",0,3,NULL,NULL
0.9976002742543708,0.0038407610558793283,0,0.0003332683344582764,0,0,0,WINDOWS_MOBILE,2015-05-10,"Constellation Wines Dining Consumers","Optimization Model",226349,532793,AOL,"Constellation Wines (Ruffino) 2015 branding (RGM Group) <AC>. May - Dec 2015",0,0,NULL,NULL
3196.876865597049,12.307975932548642,0,1.81644264,0,0,0,COMPUTER,2015-05-10,"Constellation Wines Dining Consumers","Optimization Model",226349,532793,Lijit,"Constellation Wines (Ruffino) 2015 branding (RGM Group) <AC>. May - Dec 2015",3,0,NULL,NULL
0.9758620689655171,0.003757068965517241,0,0.00040744500000000004,0,0,0,OTHER,2015-05-10,"Constellation Wines Dining Consumers","Optimization Model",226349,532793,Lijit,"Constellation Wines (Ruffino) 2015 branding (RGM Group) <AC>. May - Dec 2015",3,0,NULL,NULL
316.63985195468194,1.2190634300255252,0,0.19176991200000004,0,0,0,COMPUTER,2015-05-10,"Constellation Wines Dining Consumers","Optimization Model",226349,532793,Lijit,"Constellation Wines (Ruffino) 2015 branding (RGM Group) <AC>. May - Dec 2015",3,3,NULL,NULL
6.032991910904227,0.023227018856981273,0,0,0,0,0,COMPUTER,2015-05-10,"Constellation Wines Dining Consumers","Optimization Model",226349,532793,PulsePoint,"Constellation Wines (Ruffino) 2015 branding (RGM Group) <AC>. May - Dec 2015",3,0,NULL,NULL
20.53836557973331,0.07907270748197323,0,0.051575224596434585,0,0,0,COMPUTER,2015-05-10,"Constellation Wines Dining Consumers","Optimization Model",226349,532793,Centro,"Constellation Wines (Ruffino) 2015 branding (RGM Group) <AC>. May - Dec 2015",0,0,NULL,NULL
4.052467764529563,0.015602000893438819,0,0,0,0,0,COMPUTER,2015-05-10,"Constellation Wines Dining Consumers","Optimization Model",226349,532793,NULL,"Constellation Wines (Ruffino) 2015 branding (RGM Group) <AC>. May - Dec 2015",3,0,NULL,NULL
705.4841228221727,2.7161138728653658,0,0.25870280496073766,0,0,0,COMPUTER,2015-05-10,"Constellation Wines Restauranteurs","Optimization Model",226351,532795,OpenX,"Constellation Wines (Ruffino) 2015 branding (RGM Group) <AC>. May - Dec 2015",0,0,NULL,NULL
276.5035086249012,1.0645385082058696,0,0.12928890943356566,0,0,0,COMPUTER,2015-05-10,"Constellation Wines Restauranteurs","Optimization Model",226351,532795,OpenX,"Constellation Wines (Ruffino) 2015 branding (RGM Group) <AC>. May - Dec 2015",0,3,NULL,NULL
290.64903132012614,1.118998770582486,0,0,0,0,0,COMPUTER,2015-05-10,"Constellation Wines Restauranteurs","Optimization Model",226351,532795,OpenX,"Constellation Wines (Ruffino) 2015 branding (RGM Group) <AC>. May - Dec 2015",3,0,NULL,NULL
49.398066714057705,0.19018255684912216,0,0,0,0,0,COMPUTER,2015-05-10,"Constellation Wines Restauranteurs","Optimization Model",226351,532795,OpenX,"Constellation Wines (Ruffino) 2015 branding (RGM Group) <AC>. May - Dec 2015",3,3,NULL,NULL
427.5805627560359,1.646185166610739,0,0.22078567056208584,0,0,0,COMPUTER,2015-05-10,"Constellation Wines Restauranteurs","Optimization Model",226351,532795,"Rubicon Project","Constellation Wines (Ruffino) 2015 branding (RGM Group) <AC>. May - Dec 2015",0,0,NULL,NULL
234.34883622521292,0.9022430194670698,0,0.10410465404214662,0,0,0,COMPUTER,2015-05-10,"Constellation Wines Restauranteurs","Optimization Model",226351,532795,"Rubicon Project","Constellation Wines (Ruffino) 2015 branding (RGM Group) <AC>. May - Dec 2015",0,3,NULL,NULL
75.46866974580362,0.2905543785213439,0,0.03315271824506813,0,0,0,COMPUTER,2015-05-10,"Constellation Wines Restauranteurs","Optimization Model",226351,532795,PubMatic,"Constellation Wines (Ruffino) 2015 branding (RGM Group) <AC>. May - Dec 2015",3,3,NULL,NULL
78.10256830668581,0.3006948879807404,0,0.04295215697540351,0,0,0,COMPUTER,2015-05-10,"Constellation Wines Restauranteurs","Optimization Model",226351,532795,PubMatic,"Constellation Wines (Ruffino) 2015 branding (RGM Group) <AC>. May - Dec 2015",3,0,NULL,NULL
19.332023106048087,0.07442828895828511,0,0.020751332275570137,0,0,0,COMPUTER,2015-05-10,"Constellation Wines Restauranteurs","Optimization Model",226351,532795,PubMatic,"Constellation Wines (Ruffino) 2015 branding (RGM Group) <AC>. May - Dec 2015",0,0,NULL,NULL
1711.721713886292,6.5901285984622255,0,1.5367438580970307,0,0,0,COMPUTER,2015-05-10,"Constellation Wines Restauranteurs","Optimization Model",226351,532795,AppNexus,"Constellation Wines (Ruffino) 2015 branding (RGM Group) <AC>. May - Dec 2015",0,0,NULL,NULL
1.0066152149944871,0.0038754685777287762,0,0.001250094319119021,0,0,0,IPAD,2015-05-10,"Constellation Wines Restauranteurs","Optimization Model",226351,532795,AppNexus,"Constellation Wines (Ruffino) 2015 branding (RGM Group) <AC>. May - Dec 2015",0,0,NULL,NULL
802.5636355356177,3.089869996812129,0,0.935040806733937,0,0,0,COMPUTER,2015-05-10,"Constellation Wines Restauranteurs","Optimization Model",226351,532795,AppNexus,"Constellation Wines (Ruffino) 2015 branding (RGM Group) <AC>. May - Dec 2015",0,3,NULL,NULL
1334.3754684462947,5.137345553518234,0,0.4941250000000001,1,0,0,COMPUTER,2015-05-10,"Constellation Wines Restauranteurs","Optimization Model",226351,532795,"Google AdX","Constellation Wines (Ruffino) 2015 branding (RGM Group) <AC>. May - Dec 2015",3,0,NULL,NULL
1732.953872476647,6.671872409035093,0,0.8405919999999999,1,0,0,COMPUTER,2015-05-10,"Constellation Wines Restauranteurs","Optimization Model",226351,532795,"Google AdX","Constellation Wines (Ruffino) 2015 branding (RGM Group) <AC>. May - Dec 2015",3,3,NULL,NULL
1.9981406387233007,0.007692841459084708,0,0.00021,0,0,0,COMPUTER,2015-05-10,"Constellation Wines Restauranteurs","Optimization Model",226351,532795,"Google AdX","Constellation Wines (Ruffino) 2015 branding (RGM Group) <AC>. May - Dec 2015",2,0,NULL,NULL
1.001131221719457,0.0038543552036199094,0,0.00022806455028509553,0,0,0,COMPUTER,2015-05-10,"Constellation Wines Restauranteurs","Optimization Model",226351,532795,Smaato,"Constellation Wines (Ruffino) 2015 branding (RGM Group) <AC>. May - Dec 2015",2,3,NULL,NULL
2.9545446857891564,0.011374997040288251,0,0.0029648767966708686,0,0,0,ANDROID_MOBILE,2015-05-10,"Constellation Wines Restauranteurs","Optimization Model",226351,532795,AOL,"Constellation Wines (Ruffino) 2015 branding (RGM Group) <AC>. May - Dec 2015",0,0,NULL,NULL
1.982188306198105,0.007631424978862704,0,0.002473610753888444,0,0,0,IPHONE,2015-05-10,"Constellation Wines Restauranteurs","Optimization Model",226351,532795,AOL,"Constellation Wines (Ruffino) 2015 branding (RGM Group) <AC>. May - Dec 2015",0,0,NULL,NULL
707.3015009242396,2.723110778558323,0,0.5188287316207666,0,0,0,COMPUTER,2015-05-10,"Constellation Wines Restauranteurs","Optimization Model",226351,532795,AOL,"Constellation Wines (Ruffino) 2015 branding (RGM Group) <AC>. May - Dec 2015",0,0,NULL,NULL
347.2644331399417,1.3369680675887756,0,0.2181294021642523,0,0,0,COMPUTER,2015-05-10,"Constellation Wines Restauranteurs","Optimization Model",226351,532795,AOL,"Constellation Wines (Ruffino) 2015 branding (RGM Group) <AC>. May - Dec 2015",0,3,NULL,NULL
2.007746436713944,0.007729823781348686,0,0.002557745314843103,0,0,0,OTHER,2015-05-10,"Constellation Wines Restauranteurs","Optimization Model",226351,532795,AOL,"Constellation Wines (Ruffino) 2015 branding (RGM Group) <AC>. May - Dec 2015",0,3,NULL,NULL
380.8666656523647,1.4663366627616041,0,0.145696763,0,0,0,COMPUTER,2015-05-10,"Constellation Wines Restauranteurs","Optimization Model",226351,532795,Lijit,"Constellation Wines (Ruffino) 2015 branding (RGM Group) <AC>. May - Dec 2015",3,0,NULL,NULL
81.36226112669833,0.3132447053377886,0,0.055341423000000015,0,0,0,COMPUTER,2015-05-10,"Constellation Wines Restauranteurs","Optimization Model",226351,532795,Lijit,"Constellation Wines (Ruffino) 2015 branding (RGM Group) <AC>. May - Dec 2015",3,3,NULL,NULL
9.894290005722432,0.03809301652203137,0,0,0,0,0,COMPUTER,2015-05-10,"Constellation Wines Restauranteurs","Optimization Model",226351,532795,PulsePoint,"Constellation Wines (Ruffino) 2015 branding (RGM Group) <AC>. May - Dec 2015",3,0,NULL,NULL
9.877271459278893,0.03802749511822373,0,0,0,0,0,COMPUTER,2015-05-10,"Constellation Wines Restauranteurs","Optimization Model",226351,532795,NULL,"Constellation Wines (Ruffino) 2015 branding (RGM Group) <AC>. May - Dec 2015",3,0,NULL,NULL
1.001131221719457,0.0038543552036199094,0,0,0,0,0,COMPUTER,2015-05-10,"Constellation Wines Restauranteurs","Optimization Model",226351,532795,NULL,"Constellation Wines (Ruffino) 2015 branding (RGM Group) <AC>. May - Dec 2015",3,3,NULL,NULL
10631.39950826375,40.89651174447362,0,6.419003733548302,1,0,0,COMPUTER,2015-05-11,"Constellation Wines Dining Consumers","Optimization Model",226349,532793,OpenX,"Constellation Wines (Ruffino) 2015 branding (RGM Group) <AC>. May - Dec 2015",0,3,NULL,NULL
2.9802830435813807,0.011474089717788315,0,0.0033291916936168267,0,0,0,OTHER,2015-05-11,"Constellation Wines Dining Consumers","Optimization Model",226349,532793,OpenX,"Constellation Wines (Ruffino) 2015 branding (RGM Group) <AC>. May - Dec 2015",0,3,NULL,NULL
11126.170192991995,42.81691304320155,0,7.663000272699466,1.8,0,0,COMPUTER,2015-05-11,"Constellation Wines Dining Consumers","Optimization Model",226349,532793,OpenX,"Constellation Wines (Ruffino) 2015 branding (RGM Group) <AC>. May - Dec 2015",0,0,NULL,NULL
4.919281003335061,0.018939231862839984,0,0.0019681397953440656,0,0,0,OTHER,2015-05-11,"Constellation Wines Dining Consumers","Optimization Model",226349,532793,OpenX,"Constellation Wines (Ruffino) 2015 branding (RGM Group) <AC>. May - Dec 2015",0,0,NULL,NULL
551.9289438015863,2.124926433636108,0,0,0,0,0,COMPUTER,2015-05-11,"Constellation Wines Dining Consumers","Optimization Model",226349,532793,OpenX,"Constellation Wines (Ruffino) 2015 branding (RGM Group) <AC>. May - Dec 2015",3,3,NULL,NULL
415.8304744779048,1.6009473267399332,0,0,0,0,0,COMPUTER,2015-05-11,"Constellation Wines Dining Consumers","Optimization Model",226349,532793,OpenX,"Constellation Wines (Ruffino) 2015 branding (RGM Group) <AC>. May - Dec 2015",3,0,NULL,NULL
2850.9340377362823,10.960704744018372,0,1.5704089877014575,0,0,0,COMPUTER,2015-05-11,"Constellation Wines Dining Consumers","Optimization Model",226349,532793,"Rubicon Project","Constellation Wines (Ruffino) 2015 branding (RGM Group) <AC>. May - Dec 2015",0,3,NULL,NULL
1.9875666287363627,0.0076521315206349964,0,0.000526542732683028,0,0,0,OTHER,2015-05-11,"Constellation Wines Dining Consumers","Optimization Model",226349,532793,"Rubicon Project","Constellation Wines (Ruffino) 2015 branding (RGM Group) <AC>. May - Dec 2015",0,3,NULL,NULL
2.9581469111774568,0.011388865608033209,0,0.003005748563484425,0,0,0,OTHER,2015-05-11,"Constellation Wines Dining Consumers","Optimization Model",226349,532793,"Rubicon Project","Constellation Wines (Ruffino) 2015 branding (RGM Group) <AC>. May - Dec 2015",0,0,NULL,NULL
3776.0871934277834,14.522927322365067,0,2.289125308316102,1,0,0,COMPUTER,2015-05-11,"Constellation Wines Dining Consumers","Optimization Model",226349,532793,"Rubicon Project","Constellation Wines (Ruffino) 2015 branding (RGM Group) <AC>. May - Dec 2015",0,0,NULL,NULL
364.7200228628012,1.4041720880217843,0,0.25103797912909565,0,0,0,COMPUTER,2015-05-11,"Constellation Wines Dining Consumers","Optimization Model",226349,532793,PubMatic,"Constellation Wines (Ruffino) 2015 branding (RGM Group) <AC>. May - Dec 2015",3,0,NULL,NULL
0.9817252154152071,0.0037796420793485474,0,0.00025952101954919036,0,0,0,OTHER,2015-05-11,"Constellation Wines Dining Consumers","Optimization Model",226349,532793,PubMatic,"Constellation Wines (Ruffino) 2015 branding (RGM Group) <AC>. May - Dec 2015",3,0,NULL,NULL
415.2898907412552,1.5988660793538327,0,0.25543259006300134,0,0,0,COMPUTER,2015-05-11,"Constellation Wines Dining Consumers","Optimization Model",226349,532793,PubMatic,"Constellation Wines (Ruffino) 2015 branding (RGM Group) <AC>. May - Dec 2015",0,3,NULL,NULL
1.982191642881561,0.00763143782509401,0,0.0006036865607809608,0,0,0,OTHER,2015-05-11,"Constellation Wines Dining Consumers","Optimization Model",226349,532793,PubMatic,"Constellation Wines (Ruffino) 2015 branding (RGM Group) <AC>. May - Dec 2015",0,3,NULL,NULL
82.81238350677954,0.3188276765011012,0,0.10483725982087155,0,0,0,COMPUTER,2015-05-11,"Constellation Wines Dining Consumers","Optimization Model",226349,532793,PubMatic,"Constellation Wines (Ruffino) 2015 branding (RGM Group) <AC>. May - Dec 2015",0,0,NULL,NULL
25600.191072089052,98.48871928842581,0,22.2857465392482,6.6,0,0,COMPUTER,2015-05-11,"Constellation Wines Dining Consumers","Optimization Model",226349,532793,AppNexus,"Constellation Wines (Ruffino) 2015 branding (RGM Group) <AC>. May - Dec 2015",0,0,NULL,NULL
29.3235862446026,0.11289580704172,0,0.009096277682371763,0,0,0,OTHER,2015-05-11,"Constellation Wines Dining Consumers","Optimization Model",226349,532793,AppNexus,"Constellation Wines (Ruffino) 2015 branding (RGM Group) <AC>. May - Dec 2015",0,0,NULL,NULL
13515.908214817286,51.97879894700615,0,10.785331269663544,2,0,0,COMPUTER,2015-05-11,"Constellation Wines Dining Consumers","Optimization Model",226349,532793,AppNexus,"Constellation Wines (Ruffino) 2015 branding (RGM Group) <AC>. May - Dec 2015",0,3,NULL,NULL
11.886468020642479,0.045762901879473544,0,0.004437781582115219,0,0,0,OTHER,2015-05-11,"Constellation Wines Dining Consumers","Optimization Model",226349,532793,AppNexus,"Constellation Wines (Ruffino) 2015 branding (RGM Group) <AC>. May - Dec 2015",0,3,NULL,NULL
10538.244432897953,40.496508653421316,0,7.569548,1.8,0,0,COMPUTER,2015-05-11,"Constellation Wines Dining Consumers","Optimization Model",226349,532793,"Google AdX","Constellation Wines (Ruffino) 2015 branding (RGM Group) <AC>. May - Dec 2015",3,0,NULL,NULL
0.9871662763466044,0.0038005901639344263,0,0.00044000000000000007,0,0,0,OTHER,2015-05-11,"Constellation Wines Dining Consumers","Optimization Model",226349,532793,"Google AdX","Constellation Wines (Ruffino) 2015 branding (RGM Group) <AC>. May - Dec 2015",2,0,NULL,NULL
0.9871662763466044,0.0038005901639344263,0,0.00084,0,0,0,COMPUTER,2015-05-11,"Constellation Wines Dining Consumers","Optimization Model",226349,532793,"Google AdX","Constellation Wines (Ruffino) 2015 branding (RGM Group) <AC>. May - Dec 2015",2,0,NULL,NULL
5560.635749160415,21.370525888218946,0,3.6355850000000003,0,0,0,COMPUTER,2015-05-11,"Constellation Wines Dining Consumers","Optimization Model",226349,532793,"Google AdX","Constellation Wines (Ruffino) 2015 branding (RGM Group) <AC>. May - Dec 2015",3,3,NULL,NULL
0.9841002421817412,0.0037887859323997037,0,0.00011604527032223761,0,0,0,COMPUTER,2015-05-11,"Constellation Wines Dining Consumers","Optimization Model",226349,532793,Smaato,"Constellation Wines (Ruffino) 2015 branding (RGM Group) <AC>. May - Dec 2015",2,3,NULL,NULL
1713.200308481602,6.591978535761473,0,0.8067845217638836,0,0,0,COMPUTER,2015-05-11,"Constellation Wines Dining Consumers","Optimization Model",226349,532793,AOL,"Constellation Wines (Ruffino) 2015 branding (RGM Group) <AC>. May - Dec 2015",0,3,NULL,NULL
0.9894087403598971,0.003809223650385604,0,0.0008181146979212457,0,0,0,OTHER,2015-05-11,"Constellation Wines Dining Consumers","Optimization Model",226349,532793,AOL,"Constellation Wines (Ruffino) 2015 branding (RGM Group) <AC>. May - Dec 2015",0,0,NULL,NULL
21.90687477696403,0.08434146789131153,0,0.005018638864074791,0,0,0,OTHER,2015-05-11,"Constellation Wines Dining Consumers","Optimization Model",226349,532793,AOL,"Constellation Wines (Ruffino) 2015 branding (RGM Group) <AC>. May - Dec 2015",0,3,NULL,NULL
2358.623683716531,9.070185472737853,0,1.6493953275864295,0.8,0,0,COMPUTER,2015-05-11,"Constellation Wines Dining Consumers","Optimization Model",226349,532793,AOL,"Constellation Wines (Ruffino) 2015 branding (RGM Group) <AC>. May - Dec 2015",0,0,NULL,NULL
741.4431764198033,2.850713577323549,0,0.27070295200000005,0,0,0,COMPUTER,2015-05-11,"Constellation Wines Dining Consumers","Optimization Model",226349,532793,Lijit,"Constellation Wines (Ruffino) 2015 branding (RGM Group) <AC>. May - Dec 2015",3,3,NULL,NULL
0.9841002421817412,0.0037887859323997037,0,0.00022872700000000002,0,0,0,OTHER,2015-05-11,"Constellation Wines Dining Consumers","Optimization Model",226349,532793,Lijit,"Constellation Wines (Ruffino) 2015 branding (RGM Group) <AC>. May - Dec 2015",3,3,NULL,NULL
255.48961677699947,0.983635024591448,0,0.17172202600000003,0,0,0,COMPUTER,2015-05-11,"Constellation Wines Dining Consumers","Optimization Model",226349,532793,Lijit,"Constellation Wines (Ruffino) 2015 branding (RGM Group) <AC>. May - Dec 2015",3,0,NULL,NULL
1815.128990699826,6.98824661419433,0,0.5934600000000001,0,0,0,COMPUTER,2015-05-11,"Constellation Wines Dining Consumers","Optimization Model",226349,532793,"Casale Media","Constellation Wines (Ruffino) 2015 branding (RGM Group) <AC>. May - Dec 2015",3,3,NULL,NULL
1599.2040220875294,6.153134894873057,0,0.7745699999999999,0,0,0,COMPUTER,2015-05-11,"Constellation Wines Dining Consumers","Optimization Model",226349,532793,"Casale Media","Constellation Wines (Ruffino) 2015 branding (RGM Group) <AC>. May - Dec 2015",3,0,NULL,NULL
0.9871662763466044,0.0038005901639344263,0,0.00223,0,0,0,OTHER,2015-05-11,"Constellation Wines Dining Consumers","Optimization Model",226349,532793,"Casale Media","Constellation Wines (Ruffino) 2015 branding (RGM Group) <AC>. May - Dec 2015",3,0,NULL,NULL
9.860033620970345,0.037961129440735826,0,0,0,0,0,COMPUTER,2015-05-11,"Constellation Wines Dining Consumers","Optimization Model",226349,532793,PulsePoint,"Constellation Wines (Ruffino) 2015 branding (RGM Group) <AC>. May - Dec 2015",3,0,NULL,NULL
14.937600292745138,0.05750976112706879,0,0,0,0,0,COMPUTER,2015-05-11,"Constellation Wines Dining Consumers","Optimization Model",226349,532793,PulsePoint,"Constellation Wines (Ruffino) 2015 branding (RGM Group) <AC>. May - Dec 2015",3,3,NULL,NULL
44.15531028600478,0.16999794460111836,0,0.06470407118560516,0,0,0,COMPUTER,2015-05-11,"Constellation Wines Dining Consumers","Optimization Model",226349,532793,Centro,"Constellation Wines (Ruffino) 2015 branding (RGM Group) <AC>. May - Dec 2015",0,0,NULL,NULL
4.959100524301175,0.019092537018559525,0,0.007653228999898393,0,0,0,COMPUTER,2015-05-11,"Constellation Wines Dining Consumers","Optimization Model",226349,532793,Centro,"Constellation Wines (Ruffino) 2015 branding (RGM Group) <AC>. May - Dec 2015",0,3,NULL,NULL
38.69811797701068,0.14898775421149113,0,0,0,0,0,COMPUTER,2015-05-11,"Constellation Wines Dining Consumers","Optimization Model",226349,532793,NULL,"Constellation Wines (Ruffino) 2015 branding (RGM Group) <AC>. May - Dec 2015",3,3,NULL,NULL
24.302690800772986,0.093565359582976,0,0,0,0,0,COMPUTER,2015-05-11,"Constellation Wines Dining Consumers","Optimization Model",226349,532793,NULL,"Constellation Wines (Ruffino) 2015 branding (RGM Group) <AC>. May - Dec 2015",3,0,NULL,NULL
1286.6725651145293,4.9536893756909395,0,0.985906828147687,1,0,0,COMPUTER,2015-05-11,"Constellation Wines Restauranteurs","Optimization Model",226351,532795,OpenX,"Constellation Wines (Ruffino) 2015 branding (RGM Group) <AC>. May - Dec 2015",0,0,NULL,NULL
0.9968503937007874,0.003837874015748032,0,0.0021835580814016245,0,0,0,OTHER,2015-05-11,"Constellation Wines Restauranteurs","Optimization Model",226351,532795,OpenX,"Constellation Wines (Ruffino) 2015 branding (RGM Group) <AC>. May - Dec 2015",0,0,NULL,NULL
3057.6352818631412,11.771895835173089,0,0,0,0,0,COMPUTER,2015-05-11,"Constellation Wines Restauranteurs","Optimization Model",226351,532795,OpenX,"Constellation Wines (Ruffino) 2015 branding (RGM Group) <AC>. May - Dec 2015",3,0,NULL,NULL
216.35094753733802,0.8291132740030034,0,0.47033528648211625,0,0,0,COMPUTER,2015-05-11,"Constellation Wines Restauranteurs","Optimization Model",226351,532795,"Rubicon Project","Constellation Wines (Ruffino) 2015 branding (RGM Group) <AC>. May - Dec 2015",0,0,NULL,NULL
14.599097999437213,0.05620652729783328,0,0.022973217619676564,0,0,0,COMPUTER,2015-05-11,"Constellation Wines Restauranteurs","Optimization Model",226351,532795,PubMatic,"Constellation Wines (Ruffino) 2015 branding (RGM Group) <AC>. May - Dec 2015",3,0,NULL,NULL
39.27001946137903,0.15118957492630927,0,0.0737745543163746,0,0,0,COMPUTER,2015-05-11,"Constellation Wines Restauranteurs","Optimization Model",226351,532795,PubMatic,"Constellation Wines (Ruffino) 2015 branding (RGM Group) <AC>. May - Dec 2015",0,0,NULL,NULL
1541.3766701491006,5.934300180074038,0,1.7539512158728048,0,0,0,COMPUTER,2015-05-11,"Constellation Wines Restauranteurs","Optimization Model",226351,532795,AppNexus,"Constellation Wines (Ruffino) 2015 branding (RGM Group) <AC>. May - Dec 2015",0,0,NULL,NULL
0.9780123131046612,0.0037653474054529456,0,0.0011480983787406326,0,0,0,ANDROID_MOBILE,2015-05-11,"Constellation Wines Restauranteurs","Optimization Model",226351,532795,AppNexus,"Constellation Wines (Ruffino) 2015 branding (RGM Group) <AC>. May - Dec 2015",0,0,NULL,NULL
1077.579229441811,4.126082237120422,0,1.5322740000000001,1,0,0,COMPUTER,2015-05-11,"Constellation Wines Restauranteurs","Optimization Model",226351,532795,"Google AdX","Constellation Wines (Ruffino) 2015 branding (RGM Group) <AC>. May - Dec 2015",3,0,NULL,NULL
240.82565323811744,0.9271787649667522,0,0.1752748659723447,0,0,0,COMPUTER,2015-05-11,"Constellation Wines Restauranteurs","Optimization Model",226351,532795,AOL,"Constellation Wines (Ruffino) 2015 branding (RGM Group) <AC>. May - Dec 2015",0,0,NULL,NULL
1.9748627068054487,0.007603221421200977,0,0.0006033286827546588,0,0,0,OTHER,2015-05-11,"Constellation Wines Restauranteurs","Optimization Model",226351,532795,AOL,"Constellation Wines (Ruffino) 2015 branding (RGM Group) <AC>. May - Dec 2015",0,0,NULL,NULL
0.9478908188585606,0.0036493796526054583,0,0.001249745576354777,0,0,0,ANDROID_TABLET,2015-05-11,"Constellation Wines Restauranteurs","Optimization Model",226351,532795,AOL,"Constellation Wines (Ruffino) 2015 branding (RGM Group) <AC>. May - Dec 2015",0,0,NULL,NULL
0.9968503937007874,0.003837874015748032,0,0.0009946294095457204,0,0,0,IPHONE,2015-05-11,"Constellation Wines Restauranteurs","Optimization Model",226351,532795,AOL,"Constellation Wines (Ruffino) 2015 branding (RGM Group) <AC>. May - Dec 2015",0,0,NULL,NULL
39.96908782729169,0.153880988135073,0,0.041414236,0,0,0,COMPUTER,2015-05-11,"Constellation Wines Restauranteurs","Optimization Model",226351,532795,Lijit,"Constellation Wines (Ruffino) 2015 branding (RGM Group) <AC>. May - Dec 2015",3,0,NULL,NULL
36.35557532648084,0.13996896500695127,0,0.06323000000000001,1,0,0,COMPUTER,2015-05-11,"Constellation Wines Restauranteurs","Optimization Model",226351,532795,"Casale Media","Constellation Wines (Ruffino) 2015 branding (RGM Group) <AC>. May - Dec 2015",3,0,NULL,NULL
69.00783447761007,0.26568016273879874,0,0,0,0,0,COMPUTER,2015-05-11,"Constellation Wines Restauranteurs","Optimization Model",226351,532795,PulsePoint,"Constellation Wines (Ruffino) 2015 branding (RGM Group) <AC>. May - Dec 2015",3,0,NULL,NULL
17.13948868797369,0.0659870314486987,0,0.03903189282487877,1,0,0,COMPUTER,2015-05-11,"Constellation Wines Restauranteurs","Optimization Model",226351,532795,Centro,"Constellation Wines (Ruffino) 2015 branding (RGM Group) <AC>. May - Dec 2015",0,0,NULL,NULL
208.32408224961895,0.802047716661033,0,0,0,0,0,COMPUTER,2015-05-11,"Constellation Wines Restauranteurs","Optimization Model",226351,532795,NULL,"Constellation Wines (Ruffino) 2015 branding (RGM Group) <AC>. May - Dec 2015",3,0,NULL,NULL
0.9281959734206088,0.003573554497669344,0,0.0005653079671093326,0,0,0,ANDROID_TABLET,2015-05-12,"Constellation Wines Dining Consumers","Optimization Model",226349,532793,OpenX,"Constellation Wines (Ruffino) 2015 branding (RGM Group) <AC>. May - Dec 2015",0,0,NULL,NULL
20664.107224438078,79.55398401014087,0,11.345982364462786,7,0,0,COMPUTER,2015-05-12,"Constellation Wines Dining Consumers","Optimization Model",226349,532793,OpenX,"Constellation Wines (Ruffino) 2015 branding (RGM Group) <AC>. May - Dec 2015",0,0,NULL,NULL
14.12584462981932,0.05438450182480439,0,0.0062963611509073945,0,0,0,OTHER,2015-05-12,"Constellation Wines Dining Consumers","Optimization Model",226349,532793,OpenX,"Constellation Wines (Ruffino) 2015 branding (RGM Group) <AC>. May - Dec 2015",0,0,NULL,NULL
9.08714239669262,0.034985498227266584,0,0.006286614461819303,0,0,0,COMPUTER,2015-05-12,"Constellation Wines Dining Consumers","Optimization Model",226349,532793,OpenX,"Constellation Wines (Ruffino) 2015 branding (RGM Group) <AC>. May - Dec 2015",0,3,NULL,NULL
587.8773891710014,2.263327948308355,0,0,0,0,0,COMPUTER,2015-05-12,"Constellation Wines Dining Consumers","Optimization Model",226349,532793,OpenX,"Constellation Wines (Ruffino) 2015 branding (RGM Group) <AC>. May - Dec 2015",3,0,NULL,NULL
4592.462873682433,17.68098206367737,0,2.428003409755095,0,0,0,COMPUTER,2015-05-12,"Constellation Wines Dining Consumers","Optimization Model",226349,532793,"Rubicon Project","Constellation Wines (Ruffino) 2015 branding (RGM Group) <AC>. May - Dec 2015",0,0,NULL,NULL
1.887544384782795,0.007267045881413762,0,0.0009162167674023839,0,0,0,OTHER,2015-05-12,"Constellation Wines Dining Consumers","Optimization Model",226349,532793,"Rubicon Project","Constellation Wines (Ruffino) 2015 branding (RGM Group) <AC>. May - Dec 2015",0,0,NULL,NULL
944.3377967515833,3.6357005174935955,0,0.018742158097396718,1,0,0,COMPUTER,2015-05-12,"Constellation Wines Dining Consumers","Optimization Model",226349,532793,PubMatic,"Constellation Wines (Ruffino) 2015 branding (RGM Group) <AC>. May - Dec 2015",3,0,NULL,NULL
1.8586039500809082,0.007155625207811496,0,0.00003029018279968988,0,0,0,OTHER,2015-05-12,"Constellation Wines Dining Consumers","Optimization Model",226349,532793,PubMatic,"Constellation Wines (Ruffino) 2015 branding (RGM Group) <AC>. May - Dec 2015",3,0,NULL,NULL
9.08292321275756,0.03496925436911662,0,0.0005282804738606185,0,0,0,COMPUTER,2015-05-12,"Constellation Wines Dining Consumers","Optimization Model",226349,532793,PubMatic,"Constellation Wines (Ruffino) 2015 branding (RGM Group) <AC>. May - Dec 2015",2,3,NULL,NULL
9.057093628971405,0.03486981047153991,0,0.0005679884465449981,0,0,0,COMPUTER,2015-05-12,"Constellation Wines Dining Consumers","Optimization Model",226349,532793,PubMatic,"Constellation Wines (Ruffino) 2015 branding (RGM Group) <AC>. May - Dec 2015",2,0,NULL,NULL
38865.57812556404,149.63247578342157,0,33.40916910441278,10.166666666666668,0,0,COMPUTER,2015-05-12,"Constellation Wines Dining Consumers","Optimization Model",226349,532793,AppNexus,"Constellation Wines (Ruffino) 2015 branding (RGM Group) <AC>. May - Dec 2015",0,0,NULL,NULL
11.784575466171017,0.04537061554475842,0,0.004772947927164504,0,0,0,OTHER,2015-05-12,"Constellation Wines Dining Consumers","Optimization Model",226349,532793,AppNexus,"Constellation Wines (Ruffino) 2015 branding (RGM Group) <AC>. May - Dec 2015",0,0,NULL,NULL
1.8824551536928564,0.007247452341717497,0,0.0011247588239537564,1.833333333333333,0,0,ANDROID_MOBILE,2015-05-12,"Constellation Wines Dining Consumers","Optimization Model",226349,532793,AppNexus,"Constellation Wines (Ruffino) 2015 branding (RGM Group) <AC>. May - Dec 2015",0,0,NULL,NULL
131.50050200275493,0.5062769327106065,0,0.04110030807135167,0,0,0,COMPUTER,2015-05-12,"Constellation Wines Dining Consumers","Optimization Model",226349,532793,AppNexus,"Constellation Wines (Ruffino) 2015 branding (RGM Group) <AC>. May - Dec 2015",0,3,NULL,NULL
3.6490162304713456,0.01404871248731468,0,0,0,0,0,ANDROID_MOBILE,2015-05-12,"Constellation Wines Dining Consumers","Optimization Model",226349,532793,"Google AdX","Constellation Wines (Ruffino) 2015 branding (RGM Group) <AC>. May - Dec 2015",3,0,NULL,NULL
5.654241888243218,0.021768831269736392,0,0,0,0,0,IPHONE,2015-05-12,"Constellation Wines Dining Consumers","Optimization Model",226349,532793,"Google AdX","Constellation Wines (Ruffino) 2015 branding (RGM Group) <AC>. May - Dec 2015",3,0,NULL,NULL
0.8951911220715164,0.0034464858199753385,0,0,0,0,0,IPOD,2015-05-12,"Constellation Wines Dining Consumers","Optimization Model",226349,532793,"Google AdX","Constellation Wines (Ruffino) 2015 branding (RGM Group) <AC>. May - Dec 2015",3,0,NULL,NULL
15486.378763374256,59.61313154439008,0,7.493418000000002,4.333333333333333,0,0,COMPUTER,2015-05-12,"Constellation Wines Dining Consumers","Optimization Model",226349,532793,"Google AdX","Constellation Wines (Ruffino) 2015 branding (RGM Group) <AC>. May - Dec 2015",3,0,NULL,NULL
1.823380035485937,0.007020013136620858,0,0.00057,0,0,0,COMPUTER,2015-05-12,"Constellation Wines Dining Consumers","Optimization Model",226349,532793,"Google AdX","Constellation Wines (Ruffino) 2015 branding (RGM Group) <AC>. May - Dec 2015",2,0,NULL,NULL
0.9625419306746181,0.0037057864330972802,0,0,0,0,0,ANDROID_MOBILE,2015-05-12,"Constellation Wines Dining Consumers","Optimization Model",226349,532793,"Google AdX","Constellation Wines (Ruffino) 2015 branding (RGM Group) <AC>. May - Dec 2015",2,0,NULL,NULL
10.603859173572499,0.04082485781825412,0,0.004869000000000002,0,0,0,OTHER,2015-05-12,"Constellation Wines Dining Consumers","Optimization Model",226349,532793,"Google AdX","Constellation Wines (Ruffino) 2015 branding (RGM Group) <AC>. May - Dec 2015",3,0,NULL,NULL
1.8022324289681695,0.006938594851527452,0,0,0,0,0,IPHONE,2015-05-12,"Constellation Wines Dining Consumers","Optimization Model",226349,532793,"Google AdX","Constellation Wines (Ruffino) 2015 branding (RGM Group) <AC>. May - Dec 2015",2,3,NULL,NULL
1949.056917604539,7.503869132777475,0,0.6024680000000001,0,0,0,COMPUTER,2015-05-12,"Constellation Wines Dining Consumers","Optimization Model",226349,532793,"Google AdX","Constellation Wines (Ruffino) 2015 branding (RGM Group) <AC>. May - Dec 2015",3,3,NULL,NULL
2.851797251761272,0.010979419419280899,0,0.0005274639788690883,0,0,0,COMPUTER,2015-05-12,"Constellation Wines Dining Consumers","Optimization Model",226349,532793,Smaato,"Constellation Wines (Ruffino) 2015 branding (RGM Group) <AC>. May - Dec 2015",2,0,NULL,NULL
2645.237825354454,10.181274435782724,0,1.1767107420576555,1.6666666666666663,0,0,COMPUTER,2015-05-12,"Constellation Wines Dining Consumers","Optimization Model",226349,532793,AOL,"Constellation Wines (Ruffino) 2015 branding (RGM Group) <AC>. May - Dec 2015",3,0,NULL,NULL
33.303948530118895,0.12822020184095775,0,0.01227936125039975,0,0,0,OTHER,2015-05-12,"Constellation Wines Dining Consumers","Optimization Model",226349,532793,AOL,"Constellation Wines (Ruffino) 2015 branding (RGM Group) <AC>. May - Dec 2015",3,0,NULL,NULL
0.967281879194631,0.00372403523489933,0,0.0005323876102706365,0,0,0,OTHER,2015-05-12,"Constellation Wines Dining Consumers","Optimization Model",226349,532793,AOL,"Constellation Wines (Ruffino) 2015 branding (RGM Group) <AC>. May - Dec 2015",2,0,NULL,NULL
1.819792997142389,0.007006203038998198,0,0.0019908515325071856,0,0,0,ANDROID_MOBILE,2015-05-12,"Constellation Wines Dining Consumers","Optimization Model",226349,532793,AOL,"Constellation Wines (Ruffino) 2015 branding (RGM Group) <AC>. May - Dec 2015",2,0,NULL,NULL
8.163526295937586,0.031429576239359706,0,0.004483589483611708,0,0,0,COMPUTER,2015-05-12,"Constellation Wines Dining Consumers","Optimization Model",226349,532793,AOL,"Constellation Wines (Ruffino) 2015 branding (RGM Group) <AC>. May - Dec 2015",2,0,NULL,NULL
7.21091966141101,0.027762040696432393,0,0.0061672910220257095,0,0,0,COMPUTER,2015-05-12,"Constellation Wines Dining Consumers","Optimization Model",226349,532793,AOL,"Constellation Wines (Ruffino) 2015 branding (RGM Group) <AC>. May - Dec 2015",2,3,NULL,NULL
411.92728027868486,1.585920029072937,0,0.22403467199999996,0,0,0,COMPUTER,2015-05-12,"Constellation Wines Dining Consumers","Optimization Model",226349,532793,Lijit,"Constellation Wines (Ruffino) 2015 branding (RGM Group) <AC>. May - Dec 2015",3,0,NULL,NULL
3824.4210713041016,14.720926066598153,0,1.8973600000000002,0,0,0,COMPUTER,2015-05-12,"Constellation Wines Dining Consumers","Optimization Model",226349,532793,"Casale Media","Constellation Wines (Ruffino) 2015 branding (RGM Group) <AC>. May - Dec 2015",3,0,NULL,NULL
0.925002454108177,0.003561259448316482,0,0.00023,0,0,0,OTHER,2015-05-12,"Constellation Wines Dining Consumers","Optimization Model",226349,532793,"Casale Media","Constellation Wines (Ruffino) 2015 branding (RGM Group) <AC>. May - Dec 2015",3,0,NULL,NULL
131.74480310699806,0.5072174919619427,0,0.031310000000000004,0,0,0,COMPUTER,2015-05-12,"Constellation Wines Dining Consumers","Optimization Model",226349,532793,"Casale Media","Constellation Wines (Ruffino) 2015 branding (RGM Group) <AC>. May - Dec 2015",3,3,NULL,NULL
4.656095098387342,0.01792596612879127,0,0,0,0,0,COMPUTER,2015-05-12,"Constellation Wines Dining Consumers","Optimization Model",226349,532793,PulsePoint,"Constellation Wines (Ruffino) 2015 branding (RGM Group) <AC>. May - Dec 2015",3,0,NULL,NULL
17.00456761725273,0.06546758532642301,0,0.032897577910403555,0,0,0,COMPUTER,2015-05-12,"Constellation Wines Dining Consumers","Optimization Model",226349,532793,Centro,"Constellation Wines (Ruffino) 2015 branding (RGM Group) <AC>. May - Dec 2015",0,0,NULL,NULL
2.728303854336724,0.010503969839196388,0,0.011586645991942347,0,0,0,COMPUTER,2015-05-12,"Constellation Wines Dining Consumers","Optimization Model",226349,532793,Centro,"Constellation Wines (Ruffino) 2015 branding (RGM Group) <AC>. May - Dec 2015",0,3,NULL,NULL
41.6533501215285,0.1603653979678847,0,0,0,0,0,COMPUTER,2015-05-12,"Constellation Wines Dining Consumers","Optimization Model",226349,532793,NULL,"Constellation Wines (Ruffino) 2015 branding (RGM Group) <AC>. May - Dec 2015",3,0,NULL,NULL
1266.7455610742584,4.876970410135896,0,0.8177852265783576,0,0,0,COMPUTER,2015-05-12,"Constellation Wines Restauranteurs","Optimization Model",226351,532795,OpenX,"Constellation Wines (Ruffino) 2015 branding (RGM Group) <AC>. May - Dec 2015",0,0,NULL,NULL
2186.132445198621,8.416609914014693,0,0,0,0,0,COMPUTER,2015-05-12,"Constellation Wines Restauranteurs","Optimization Model",226351,532795,OpenX,"Constellation Wines (Ruffino) 2015 branding (RGM Group) <AC>. May - Dec 2015",3,0,NULL,NULL
607.6317976578413,2.339382420982689,0,0.45333044325426647,0,0,0,COMPUTER,2015-05-12,"Constellation Wines Restauranteurs","Optimization Model",226351,532795,"Rubicon Project","Constellation Wines (Ruffino) 2015 branding (RGM Group) <AC>. May - Dec 2015",0,0,NULL,NULL
135.27992754403283,0.5208277210445262,0,0.0029822476184579675,0,0,0,COMPUTER,2015-05-12,"Constellation Wines Restauranteurs","Optimization Model",226351,532795,PubMatic,"Constellation Wines (Ruffino) 2015 branding (RGM Group) <AC>. May - Dec 2015",3,0,NULL,NULL
5.1562196178529005,0.01985144552873367,0,0.00036869415212099584,0,0,0,COMPUTER,2015-05-12,"Constellation Wines Restauranteurs","Optimization Model",226351,532795,PubMatic,"Constellation Wines (Ruffino) 2015 branding (RGM Group) <AC>. May - Dec 2015",2,0,NULL,NULL
2150.9703431942035,8.281235821297685,0,2.274217850450945,1,0,0,COMPUTER,2015-05-12,"Constellation Wines Restauranteurs","Optimization Model",226351,532795,AppNexus,"Constellation Wines (Ruffino) 2015 branding (RGM Group) <AC>. May - Dec 2015",0,0,NULL,NULL
0.9399367755532142,0.003618756585879875,0,0.0011517235594364302,0,0,0,IPAD,2015-05-12,"Constellation Wines Restauranteurs","Optimization Model",226351,532795,AppNexus,"Constellation Wines (Ruffino) 2015 branding (RGM Group) <AC>. May - Dec 2015",0,0,NULL,NULL
5.57173707355735,0.0214511877331958,0,0,0,0,0,IPHONE,2015-05-12,"Constellation Wines Restauranteurs","Optimization Model",226351,532795,"Google AdX","Constellation Wines (Ruffino) 2015 branding (RGM Group) <AC>. May - Dec 2015",3,0,NULL,NULL
1480.0828463732942,5.69831895853718,0,1.0686030000000004,0,0,0,COMPUTER,2015-05-12,"Constellation Wines Restauranteurs","Optimization Model",226351,532795,"Google AdX","Constellation Wines (Ruffino) 2015 branding (RGM Group) <AC>. May - Dec 2015",3,0,NULL,NULL
1.6457050832489153,0.006335964570508326,0,0,0,0,0,ANDROID_MOBILE,2015-05-12,"Constellation Wines Restauranteurs","Optimization Model",226351,532795,"Google AdX","Constellation Wines (Ruffino) 2015 branding (RGM Group) <AC>. May - Dec 2015",3,0,NULL,NULL
1.882611934788883,0.007248055948937199,0,0,0,0,0,IPOD,2015-05-12,"Constellation Wines Restauranteurs","Optimization Model",226351,532795,"Google AdX","Constellation Wines (Ruffino) 2015 branding (RGM Group) <AC>. May - Dec 2015",2,0,NULL,NULL
1.8853503184713376,0.00725859872611465,0,0.001236318636649818,0,0,0,ANDROID_MOBILE,2015-05-12,"Constellation Wines Restauranteurs","Optimization Model",226351,532795,AOL,"Constellation Wines (Ruffino) 2015 branding (RGM Group) <AC>. May - Dec 2015",3,0,NULL,NULL
202.41427859699803,0.7792949725984424,0,0.09103292188081782,0,0,0,COMPUTER,2015-05-12,"Constellation Wines Restauranteurs","Optimization Model",226351,532795,AOL,"Constellation Wines (Ruffino) 2015 branding (RGM Group) <AC>. May - Dec 2015",3,0,NULL,NULL
12.489769729239061,0.048085613457570384,0,0.005217568907448374,0,0,0,COMPUTER,2015-05-12,"Constellation Wines Restauranteurs","Optimization Model",226351,532795,AOL,"Constellation Wines (Ruffino) 2015 branding (RGM Group) <AC>. May - Dec 2015",2,0,NULL,NULL
0.8220338983050847,0.0031648305084745767,0,0.0010240237411178923,0,0,0,OTHER,2015-05-12,"Constellation Wines Restauranteurs","Optimization Model",226351,532795,AOL,"Constellation Wines (Ruffino) 2015 branding (RGM Group) <AC>. May - Dec 2015",2,0,NULL,NULL
45.676505576326576,0.17585454646885737,0,0.022748696000000002,0,0,0,COMPUTER,2015-05-12,"Constellation Wines Restauranteurs","Optimization Model",226351,532795,Lijit,"Constellation Wines (Ruffino) 2015 branding (RGM Group) <AC>. May - Dec 2015",3,0,NULL,NULL
481.195262560171,1.852601760856658,0,0.20754000000000006,0,0,0,COMPUTER,2015-05-12,"Constellation Wines Restauranteurs","Optimization Model",226351,532795,"Casale Media","Constellation Wines (Ruffino) 2015 branding (RGM Group) <AC>. May - Dec 2015",3,0,NULL,NULL
27.9741895295764,0.10770062968886916,0,0,0,0,0,COMPUTER,2015-05-12,"Constellation Wines Restauranteurs","Optimization Model",226351,532795,PulsePoint,"Constellation Wines (Ruffino) 2015 branding (RGM Group) <AC>. May - Dec 2015",3,0,NULL,NULL
4.882205470451952,0.018796491061240015,0,0.017463200688623594,0,0,0,COMPUTER,2015-05-12,"Constellation Wines Restauranteurs","Optimization Model",226351,532795,Centro,"Constellation Wines (Ruffino) 2015 branding (RGM Group) <AC>. May - Dec 2015",0,0,NULL,NULL
91.62127279320701,0.352741900253847,0,0,0,0,0,COMPUTER,2015-05-12,"Constellation Wines Restauranteurs","Optimization Model",226351,532795,NULL,"Constellation Wines (Ruffino) 2015 branding (RGM Group) <AC>. May - Dec 2015",3,0,NULL,NULL
14850.808372329111,57.175612233467085,0,9.270169000000001,5.188461538461539,0,0,COMPUTER,2015-05-13,"Constellation Wines Dining Consumers","Optimization Model",226349,532793,OpenX,"Constellation Wines (Ruffino) 2015 branding (RGM Group) <AC>. May - Dec 2015",3,2,NULL,NULL
4.9965631320341135,0.019236768058331334,0,0.0026100000000000003,0,0,0,OTHER,2015-05-13,"Constellation Wines Dining Consumers","Optimization Model",226349,532793,OpenX,"Constellation Wines (Ruffino) 2015 branding (RGM Group) <AC>. May - Dec 2015",3,2,NULL,NULL
24.91956496841844,0.09594032512841101,0,0.021033827458222416,0,0,0,COMPUTER,2015-05-13,"Constellation Wines Dining Consumers","Optimization Model",226349,532793,OpenX,"Constellation Wines (Ruffino) 2015 branding (RGM Group) <AC>. May - Dec 2015",2,2,NULL,NULL
2083.760669086004,8.019321619406634,0,1.5999426119999998,1.8251689189189189,0,0,COMPUTER,2015-05-13,"Constellation Wines Dining Consumers","Optimization Model",226349,532793,"Rubicon Project","Constellation Wines (Ruffino) 2015 branding (RGM Group) <AC>. May - Dec 2015",3,2,NULL,NULL
2.072089606672554,0.007977544985689335,0,0.002739332013359877,0,0,0,COMPUTER,2015-05-13,"Constellation Wines Dining Consumers","Optimization Model",226349,532793,"Rubicon Project","Constellation Wines (Ruffino) 2015 branding (RGM Group) <AC>. May - Dec 2015",2,2,NULL,NULL
548.072394301,2.1100787180588503,0,0.4243952883170001,0,0,0,COMPUTER,2015-05-13,"Constellation Wines Dining Consumers","Optimization Model",226349,532793,PubMatic,"Constellation Wines (Ruffino) 2015 branding (RGM Group) <AC>. May - Dec 2015",3,2,NULL,NULL
12.481791094523732,0.04805489571391637,0,0.016744246605051624,0,0,0,COMPUTER,2015-05-13,"Constellation Wines Dining Consumers","Optimization Model",226349,532793,PubMatic,"Constellation Wines (Ruffino) 2015 branding (RGM Group) <AC>. May - Dec 2015",2,2,NULL,NULL
40643.657370416964,156.4747528415728,0,33.454977827183924,17.492359667359665,0,0,COMPUTER,2015-05-13,"Constellation Wines Dining Consumers","Optimization Model",226349,532793,AppNexus,"Constellation Wines (Ruffino) 2015 branding (RGM Group) <AC>. May - Dec 2015",2,2,NULL,NULL
3.025602949976101,0.01164857135740799,0,0.002403177953507861,2.8509615384615383,0,0,ANDROID_MOBILE,2015-05-13,"Constellation Wines Dining Consumers","Optimization Model",226349,532793,AppNexus,"Constellation Wines (Ruffino) 2015 branding (RGM Group) <AC>. May - Dec 2015",2,2,NULL,NULL
4.000405707129222,0.015401561972447506,0,0.0026022422120639014,3,0,0,ANDROID_MOBILE,2015-05-13,"Constellation Wines Dining Consumers","Optimization Model",226349,532793,AppNexus,"Constellation Wines (Ruffino) 2015 branding (RGM Group) <AC>. May - Dec 2015",3,2,NULL,NULL
16983.881461686324,65.3811641135629,0,13.768340242240722,5.153846153846153,0,0,COMPUTER,2015-05-13,"Constellation Wines Dining Consumers","Optimization Model",226349,532793,AppNexus,"Constellation Wines (Ruffino) 2015 branding (RGM Group) <AC>. May - Dec 2015",3,2,NULL,NULL
1.037841009093576,0.003995687885010268,0,0.0004916044571228476,0,0,0,ANDROID_TABLET,2015-05-13,"Constellation Wines Dining Consumers","Optimization Model",226349,532793,AppNexus,"Constellation Wines (Ruffino) 2015 branding (RGM Group) <AC>. May - Dec 2015",2,2,NULL,NULL
13909.279164262634,53.547305586632376,0,7.847561000000002,2.8636304573804576,0,0,COMPUTER,2015-05-13,"Constellation Wines Dining Consumers","Optimization Model",226349,532793,"Google AdX","Constellation Wines (Ruffino) 2015 branding (RGM Group) <AC>. May - Dec 2015",3,2,NULL,NULL
10.055501492723165,0.03871368074698418,0,0.005740000000000001,0,0,0,OTHER,2015-05-13,"Constellation Wines Dining Consumers","Optimization Model",226349,532793,"Google AdX","Constellation Wines (Ruffino) 2015 branding (RGM Group) <AC>. May - Dec 2015",3,2,NULL,NULL
1464.6710261526762,5.638983450687805,0,0.6007404866169103,0.9771689497716894,0,0,COMPUTER,2015-05-13,"Constellation Wines Dining Consumers","Optimization Model",226349,532793,"Google AdX","Constellation Wines (Ruffino) 2015 branding (RGM Group) <AC>. May - Dec 2015",2,2,NULL,NULL
4.032327967801467,0.015524462676035649,0,0.0009097381779481098,0,0,0,COMPUTER,2015-05-13,"Constellation Wines Dining Consumers","Optimization Model",226349,532793,Smaato,"Constellation Wines (Ruffino) 2015 branding (RGM Group) <AC>. May - Dec 2015",2,2,NULL,NULL
1.9921763089140319,0.007669878789319021,0,0.00030750000000000005,0,0,0,IPHONE,2015-05-13,"Constellation Wines Dining Consumers","Optimization Model",226349,532793,AOL,"Constellation Wines (Ruffino) 2015 branding (RGM Group) <AC>. May - Dec 2015",3,2,NULL,NULL
2384.925019877411,9.18196132652803,0,1.367759821,0,0,0,COMPUTER,2015-05-13,"Constellation Wines Dining Consumers","Optimization Model",226349,532793,AOL,"Constellation Wines (Ruffino) 2015 branding (RGM Group) <AC>. May - Dec 2015",3,2,NULL,NULL
4.0258477594649795,0.015499513873940171,0,0.002101817,0,0,0,OTHER,2015-05-13,"Constellation Wines Dining Consumers","Optimization Model",226349,532793,AOL,"Constellation Wines (Ruffino) 2015 branding (RGM Group) <AC>. May - Dec 2015",3,2,NULL,NULL
2.002673798235775,0.007710294123207734,0,0.0006985000000000001,0,0,0,ANDROID_MOBILE,2015-05-13,"Constellation Wines Dining Consumers","Optimization Model",226349,532793,AOL,"Constellation Wines (Ruffino) 2015 branding (RGM Group) <AC>. May - Dec 2015",3,2,NULL,NULL
1.0086123241145075,0.0038831574478408537,0,0.0004585000000000001,0,0,0,IPOD,2015-05-13,"Constellation Wines Dining Consumers","Optimization Model",226349,532793,AOL,"Constellation Wines (Ruffino) 2015 branding (RGM Group) <AC>. May - Dec 2015",3,2,NULL,NULL
1.0342485975789784,0.003981857100679067,0,0.00044761141473291126,0,0,0,ANDROID_MOBILE,2015-05-13,"Constellation Wines Dining Consumers","Optimization Model",226349,532793,AOL,"Constellation Wines (Ruffino) 2015 branding (RGM Group) <AC>. May - Dec 2015",2,2,NULL,NULL
27.01433421767069,0.10400518673803218,0,0.017121305617916978,0,0,0,COMPUTER,2015-05-13,"Constellation Wines Dining Consumers","Optimization Model",226349,532793,AOL,"Constellation Wines (Ruffino) 2015 branding (RGM Group) <AC>. May - Dec 2015",2,2,NULL,NULL
257.9581625872321,0.9931389259608434,0,0.18283295299999996,0,0,0,COMPUTER,2015-05-13,"Constellation Wines Dining Consumers","Optimization Model",226349,532793,Lijit,"Constellation Wines (Ruffino) 2015 branding (RGM Group) <AC>. May - Dec 2015",3,2,NULL,NULL
987.8209667973215,3.800423958899827,0,0.54165,0,0,0,COMPUTER,2015-05-13,"Constellation Wines Dining Consumers","Optimization Model",226349,532793,"Casale Media","Constellation Wines (Ruffino) 2015 branding (RGM Group) <AC>. May - Dec 2015",3,2,NULL,NULL
1.0076101653780813,0.0038792991367056135,0,0.0013900000000000002,0,0,0,OTHER,2015-05-13,"Constellation Wines Dining Consumers","Optimization Model",226349,532793,"Casale Media","Constellation Wines (Ruffino) 2015 branding (RGM Group) <AC>. May - Dec 2015",3,2,NULL,NULL
43.126427305986134,0.1660367451280466,0,0,0,0,0,COMPUTER,2015-05-13,"Constellation Wines Dining Consumers","Optimization Model",226349,532793,PulsePoint,"Constellation Wines (Ruffino) 2015 branding (RGM Group) <AC>. May - Dec 2015",3,2,NULL,NULL
29.354269465380526,0.113013937441715,0,0.079741187819336,0,0,0,COMPUTER,2015-05-13,"Constellation Wines Dining Consumers","Optimization Model",226349,532793,Centro,"Constellation Wines (Ruffino) 2015 branding (RGM Group) <AC>. May - Dec 2015",2,2,NULL,NULL
146.53960737554837,0.5641774883958612,0,0,0,0,0,COMPUTER,2015-05-13,"Constellation Wines Dining Consumers","Optimization Model",226349,532793,NULL,"Constellation Wines (Ruffino) 2015 branding (RGM Group) <AC>. May - Dec 2015",3,2,NULL,NULL
2675.180793886142,10.29944605646164,0,0.773734,0,0,0,COMPUTER,2015-05-13,"Constellation Wines Restauranteurs","Optimization Model",226351,532795,OpenX,"Constellation Wines (Ruffino) 2015 branding (RGM Group) <AC>. May - Dec 2015",3,2,NULL,NULL
1.013292821876187,0.00390117736422332,0,0.0011300000000000001,0,0,0,OTHER,2015-05-13,"Constellation Wines Restauranteurs","Optimization Model",226351,532795,OpenX,"Constellation Wines (Ruffino) 2015 branding (RGM Group) <AC>. May - Dec 2015",3,2,NULL,NULL
3.091730466771386,0.011903162297069836,0,0.0014265366385807412,0,0,0,COMPUTER,2015-05-13,"Constellation Wines Restauranteurs","Optimization Model",226351,532795,OpenX,"Constellation Wines (Ruffino) 2015 branding (RGM Group) <AC>. May - Dec 2015",2,2,NULL,NULL
339.6183681948064,1.3075307175500042,0,0.4106078909999999,0,0,0,COMPUTER,2015-05-13,"Constellation Wines Restauranteurs","Optimization Model",226351,532795,"Rubicon Project","Constellation Wines (Ruffino) 2015 branding (RGM Group) <AC>. May - Dec 2015",3,2,NULL,NULL
137.79736701722317,0.5305198630163092,0,0.10828614276000005,0,0,0,COMPUTER,2015-05-13,"Constellation Wines Restauranteurs","Optimization Model",226351,532795,PubMatic,"Constellation Wines (Ruffino) 2015 branding (RGM Group) <AC>. May - Dec 2015",3,2,NULL,NULL
3.103800523042821,0.01194963201371486,0,0.0032158063390723057,0,0,0,COMPUTER,2015-05-13,"Constellation Wines Restauranteurs","Optimization Model",226351,532795,PubMatic,"Constellation Wines (Ruffino) 2015 branding (RGM Group) <AC>. May - Dec 2015",2,2,NULL,NULL
0.9839009287925696,0.003788018575851393,0,0.0010591842736437092,0,0,0,ANDROID_MOBILE,2015-05-13,"Constellation Wines Restauranteurs","Optimization Model",226351,532795,AppNexus,"Constellation Wines (Ruffino) 2015 branding (RGM Group) <AC>. May - Dec 2015",2,2,NULL,NULL
1904.488143671697,7.32204058754629,0,2.042163543591905,2,0,0,COMPUTER,2015-05-13,"Constellation Wines Restauranteurs","Optimization Model",226351,532795,AppNexus,"Constellation Wines (Ruffino) 2015 branding (RGM Group) <AC>. May - Dec 2015",2,2,NULL,NULL
1.0032116788321166,0.003862364963503649,0,0.0011381186120637734,0,0,0,IPAD,2015-05-13,"Constellation Wines Restauranteurs","Optimization Model",226351,532795,AppNexus,"Constellation Wines (Ruffino) 2015 branding (RGM Group) <AC>. May - Dec 2015",2,2,NULL,NULL
848.7416609633533,3.261222615471065,0,0.9337923834872733,0,0,0,COMPUTER,2015-05-13,"Constellation Wines Restauranteurs","Optimization Model",226351,532795,AppNexus,"Constellation Wines (Ruffino) 2015 branding (RGM Group) <AC>. May - Dec 2015",3,2,NULL,NULL
2017.8168066409175,7.768594705567534,0,1.71733,0,0,0,COMPUTER,2015-05-13,"Constellation Wines Restauranteurs","Optimization Model",226351,532795,"Google AdX","Constellation Wines (Ruffino) 2015 branding (RGM Group) <AC>. May - Dec 2015",3,2,NULL,NULL
403.5432307583745,1.553641438419742,0,0.16503535910479805,0,0,0,COMPUTER,2015-05-13,"Constellation Wines Restauranteurs","Optimization Model",226351,532795,"Google AdX","Constellation Wines (Ruffino) 2015 branding (RGM Group) <AC>. May - Dec 2015",2,2,NULL,NULL
1.0059948615472454,0.003873080216956895,0,0.00035445670571503476,0,0,0,OTHER,2015-05-13,"Constellation Wines Restauranteurs","Optimization Model",226351,532795,Smaato,"Constellation Wines (Ruffino) 2015 branding (RGM Group) <AC>. May - Dec 2015",2,2,NULL,NULL
2.009206540379362,0.007735445180460544,0,0.000406300626424672,0,0,0,COMPUTER,2015-05-13,"Constellation Wines Restauranteurs","Optimization Model",226351,532795,Smaato,"Constellation Wines (Ruffino) 2015 branding (RGM Group) <AC>. May - Dec 2015",2,2,NULL,NULL
4.0128774797818005,0.015449578297159929,0,0.001030192,0,0,0,ANDROID_MOBILE,2015-05-13,"Constellation Wines Restauranteurs","Optimization Model",226351,532795,AOL,"Constellation Wines (Ruffino) 2015 branding (RGM Group) <AC>. May - Dec 2015",3,2,NULL,NULL
227.9822010571464,0.8777314740700136,0,0.11986896300000001,0,0,0,COMPUTER,2015-05-13,"Constellation Wines Restauranteurs","Optimization Model",226351,532795,AOL,"Constellation Wines (Ruffino) 2015 branding (RGM Group) <AC>. May - Dec 2015",3,2,NULL,NULL
0.9959420289855072,0.003834376811594203,0,0.000757155,0,0,0,WINDOWS_MOBILE,2015-05-13,"Constellation Wines Restauranteurs","Optimization Model",226351,532795,AOL,"Constellation Wines (Ruffino) 2015 branding (RGM Group) <AC>. May - Dec 2015",3,2,NULL,NULL
53.16909275541071,0.20470100710833125,0,0.040168813000000005,0,0,0,COMPUTER,2015-05-13,"Constellation Wines Restauranteurs","Optimization Model",226351,532795,Lijit,"Constellation Wines (Ruffino) 2015 branding (RGM Group) <AC>. May - Dec 2015",3,2,NULL,NULL
146.07807980400938,0.562400607245436,0,0.062479999999999994,0,0,0,COMPUTER,2015-05-13,"Constellation Wines Restauranteurs","Optimization Model",226351,532795,"Casale Media","Constellation Wines (Ruffino) 2015 branding (RGM Group) <AC>. May - Dec 2015",3,2,NULL,NULL
106.53543721827819,0.41016143329037114,0,0,0,0,0,COMPUTER,2015-05-13,"Constellation Wines Restauranteurs","Optimization Model",226351,532795,PulsePoint,"Constellation Wines (Ruffino) 2015 branding (RGM Group) <AC>. May - Dec 2015",3,2,NULL,NULL
4.0316731480429295,0.015521941619965278,0,0.01005824534784275,0,0,0,COMPUTER,2015-05-13,"Constellation Wines Restauranteurs","Optimization Model",226351,532795,Centro,"Constellation Wines (Ruffino) 2015 branding (RGM Group) <AC>. May - Dec 2015",2,2,NULL,NULL
183.36693756152485,0.7059627096118708,0,0,0,0,0,COMPUTER,2015-05-13,"Constellation Wines Restauranteurs","Optimization Model",226351,532795,NULL,"Constellation Wines (Ruffino) 2015 branding (RGM Group) <AC>. May - Dec 2015",3,2,NULL,NULL
